,SMA100,SMA150,SMA200,BuyAndHold
CAGR,0.04807595708524981,0.05600835507759294,0.06479951728928635,0.07995780411208231
AnnReturn,0.05322688629901749,0.060982224456268844,0.06940417769356749,0.09583008671968235
AnnVol,0.1117734925295939,0.11367505204738432,0.11480875331472722,0.1943715056009699
Sharpe,0.47620312378558616,0.5364609327897999,0.6045199141158568,0.49302538673757207
MaxDD,-0.49961332152435745,-0.32525602306499346,-0.2729479680761685,-0.5518944843830094
UlcerIndex,21.876013287376868,12.540379027455142,10.440281158657932,16.367568013424275
TotalReturn,2.346162765551846,3.06234634396203,4.02793417906243,6.232639234028396
