,SMA100,SMA150,SMA200,BuyAndHold
CAGR,0.06065204045499595,0.06308621331039754,0.07215957692723762,0.08038372617623768
AnnReturn,0.06479812414890444,0.06708522902658198,0.07560787730999768,0.09622545060855951
AnnVol,0.10845120519770185,0.10838062059184861,0.10856518557369858,0.19437621785544865
Sharpe,0.5974864366954732,0.6189780853831679,0.6964283891788855,0.49504744803769823
MaxDD,-0.3476116557991244,-0.23028967324125715,-0.2067661638334529,-0.5518945796739307
UlcerIndex,11.248903965288791,9.678985728805706,7.577357726577833,16.36857105926892
TotalReturn,4.547708655401147,4.823924493742631,6.002604959360654,7.304128426046265
