,SMA50,SMA100,SMA150,SMA200,SMA250,BuyAndHold
CAGR,0.10229180241469482,0.09517162132639667,0.1454054855067637,0.15978877380242307,0.16474947278490992,0.21636879536808018
AnnReturn,0.10545625893021413,0.10100219368496258,0.14767213959921047,0.16067162367646237,0.16540393724206923,0.21430597421046574
AnnVol,0.12663770695413523,0.14165457993473748,0.1538288459578913,0.1571196043480412,0.1600268339664111,0.1912657874077411
Sharpe,0.8327398013326912,0.7130174946090406,0.9599769060195241,1.0226071045886354,1.033601260128578,1.1204616210509593
MaxDD,-0.1887109460338592,-0.2273263931807209,-0.24445871877605815,-0.21875651921478242,-0.21875651921478234,-0.28559369523153516
UlcerIndex,7.757618722644534,7.50412896853061,7.5323340089184025,7.79087506693355,8.356269076374534,5.064658437097944
TotalReturn,2.642157576180914,2.4767476754750466,3.874260287543564,4.387894486230575,4.578764010633926,7.057117346654892
