CAGR,AnnReturn,AnnVol,Sharpe,MaxDD,UlcerIndex,TotalReturn,variant
0.03415092456963964,0.0401634650593129,0.1143519756686069,0.08887878849392784,-0.2131542421215572,9.684688781160254,1.4336064714589416,baseline_sma200
