CAGR,AnnReturn,AnnVol,Sharpe,MaxDD,UlcerIndex,TotalReturn,variant
0.10198468187693743,0.10672618891059393,0.138249976979142,0.5549815673544001,-0.20027401086485067,8.8297196713002,2.8338904967147616,tier_e0_x2
