CAGR,AnnReturn,AnnVol,Sharpe,MaxDD,UlcerIndex,TotalReturn,variant
0.12266699335652409,0.12585606695198,0.14214408684053664,0.6743584561453863,-0.19853171678350326,8.706455851785817,3.459404208518829,tier_e0_x3
