CAGR,AnnReturn,AnnVol,Sharpe,MaxDD,UlcerIndex,TotalReturn,variant
0.0988062268207115,0.10669277003565812,0.1574624545700123,0.4870543282529508,-0.24402675904493004,10.469463240963533,2.7474363524575294,baseline_buyhold
