CAGR,AnnReturn,AnnVol,Sharpe,MaxDD,UlcerIndex,TotalReturn,variant
0.12866801023829777,0.12903918602754663,0.12603231107936122,0.7858237715341322,-0.1483165846368138,5.734947550625867,3.6629858909311843,tier_e3_x1
