CAGR,AnnReturn,AnnVol,Sharpe,MaxDD,UlcerIndex,TotalReturn,variant
0.08590460121325783,0.08493170974478749,0.07071486595617195,0.7768056829639384,-0.12110741447466442,3.6481598605136973,2.420517938851414,tier_e2_x0
