CAGR,AnnReturn,AnnVol,Sharpe,MaxDD,UlcerIndex,TotalReturn,variant
0.1286959759370423,0.12956648992640835,0.1299481672039758,0.7662015715090599,-0.1820609801016811,5.944997523680698,3.6639595177788915,tier_e3_x2
