CAGR,AnnReturn,AnnVol,Sharpe,MaxDD,UlcerIndex,TotalReturn,variant
0.033950719549994846,0.039997696538854384,0.11459540149107071,0.08724343567689676,-0.2131542421215561,9.684030612052458,1.4306323571233626,tier_e0_x0
