CAGR,AnnReturn,AnnVol,Sharpe,MaxDD,UlcerIndex,TotalReturn,variant
0.07621635433714036,0.07613022628512804,0.07295211075531582,0.632335731036633,-0.10789457707990344,3.280863052023011,2.1986750599867984,tier_e3_x0
