CAGR,AnnReturn,AnnVol,Sharpe,MaxDD,UlcerIndex,TotalReturn,variant
0.12714456224711412,0.12851078293890872,0.13237254249307406,0.7441934791277652,-0.19753785865932913,6.526291372931533,3.610300129519878,tier_e2_x2
