CAGR,AnnReturn,AnnVol,Sharpe,MaxDD,UlcerIndex,TotalReturn,variant
0.10970280408192856,0.11330766858342473,0.13533124320300677,0.6155834130516125,-0.25079062265706453,9.57293015982275,3.0541861080014248,tier_e1_x3
