CAGR,AnnReturn,AnnVol,Sharpe,MaxDD,UlcerIndex,TotalReturn,variant
0.13683110093590978,0.13778002008667964,0.13762043656206105,0.7831687122869674,-0.19952159151100785,6.663005070876488,3.9573578978137327,tier_e2_x3
