CAGR,AnnReturn,AnnVol,Sharpe,MaxDD,UlcerIndex,TotalReturn,variant
0.06971750889744932,0.07033760473735166,0.07649428649006179,0.5273283350723503,-0.11451308240104427,4.454015873307574,2.0603736532526256,tier_e1_x0
