CAGR,AnnReturn,AnnVol,Sharpe,MaxDD,UlcerIndex,TotalReturn,variant
0.1386356465553955,0.1391491273825944,0.13602922190961458,0.8023947049783112,-0.1995215915110077,6.282350810824198,4.025259150869139,tier_e3_x3
