CAGR,AnnReturn,AnnVol,Sharpe,MaxDD,UlcerIndex,TotalReturn,variant
0.1018271141944509,0.10654864493173329,0.13807164192167434,0.5544125054669664,-0.23442433400269114,9.954753688698466,2.829547213067126,tier_e0_x1
