CAGR,AnnReturn,AnnVol,Sharpe,MaxDD,UlcerIndex,TotalReturn,variant
0.08097712812283753,0.08602612932328323,0.12742953465135856,0.4396636107678506,-0.25845295936884083,10.130476594372764,2.305272524259012,tier_e1_x2
