CAGR,AnnReturn,AnnVol,Sharpe,MaxDD,UlcerIndex,TotalReturn,variant
0.1307135682035927,0.13106193602991553,0.12770161855995396,0.7913911911967545,-0.16368444253380132,6.063816714303317,3.7348244097996206,tier_e2_x1
