CAGR,AnnReturn,AnnVol,Sharpe,MaxDD,UlcerIndex,TotalReturn,variant
0.12368110104197605,0.12526931448213915,0.1311519182787485,0.7264042778211987,-0.19028100839653642,7.308942335609113,3.493069977866049,tier_e1_x1
