,SMA100,SMA150,SMA200,BuyAndHold
CAGR,0.2636141831596459,0.23592365158270123,0.20523375193994609,0.14737812706789444
AnnReturn,0.23982771543664466,0.218576977269842,0.19326984253709614,0.15381997079584017
AnnVol,0.1071340971147222,0.11542435337586791,0.11413944537940196,0.18031421633796274
Sharpe,2.238575037224894,1.8936816267713263,1.693278269354324,0.8530662413635516
MaxDD,-0.09440433504894685,-0.10101890008836212,-0.10101890008836178,-0.3371727792879937
UlcerIndex,1.8065033505321217,1.9858278959976163,2.363995165480764,7.238774763721327
TotalReturn,9.321089079107638,7.274202698234136,5.438468643035846,2.9413416253723943
